SpectraCal,206-420-7514,206-299-0465,17544 Midvale Ave. N. Suite #100, Shoreline,WA,98133
Skreens Entertainment Technologies,617-513-2943,,PO Box 626, Foxboro,MA,02035
"Gnural Net, Inc",609-223-2434,,"248 Garden Place, Suite 1", Trenton,NJ,08691
BRAINSTORM MULTIMEDIA,+34-917-816-752,,,,,
Manfrotto,201-818-9500,,"10 Mountainview Road, Suite 320 South", Upper Saddle River,NJ,07458
Lanner Electronics,877-813-2132,905-362-2369,,,,
DBA Systems,+54-(11)4958-7700,+54-(11)4958-7701,,,,
Promise Technology,408-228-1400,408-228-1100,580 Cottonwood Drive, Milpitas,CA,95035
COM-TECH Italia SpA,39-034-260-1159,,,,,
"GenArts, Inc.",617-492-2888,,955 Massachusetts Avenue, Cambridge,MA,02139
American Grip Inc.,818-768-8922,,8468 Kewen Avenue, Sun Valley,CA,91352
Zayo Group,720-484-8541,,1805 29th St., Boulder,CO,80301
"Inovonics, Inc.",831-458-0552,831-458-0554,5805 Highway 9, Felton,CA,95018
Cantemo AB,+46 (0) 7202 17785,,,,,
Lamar Systems,918-770-0941,,1224 South 141st East Avenue, Tulsa,OK,74108
OCTOPUS Newsroom Trading Ltd.,+420 221 181 511,+420 221 181 521,,,,
Bright Tangerine,+44 01252 642 634,,,,,
Aputure Imaging Industries Co.Ltd.,+86 755 82390592*613,,,,,
"Birger Engineering, Inc.",617-695-9233,,38 Chauncy St #1101, Boston,MA,02111
Ambient Recording GmbH,+49 89 360 55 1013,,,,,
Ustream,415-489-9390,,"410 Townsend Street,  Suite 400", San Francisco,CA,94107
Digigram,+33 4 76 52 53 01,,,,,